INSERT INTO books (book_id, title, author, isbn, publication_date, status)
VALUES
    (1, 'Война и мир', 'Лев Толстой', '978-5-699-24547-1', '1865-07-01', 'в наличии'),
    (2, 'Преступление и наказание', 'Фёдор Достоевский', '978-5-699-24548-8', '1866-01-01', 'выдана'),
    (3, 'Мастер и Маргарита', 'Михаил Булгаков', '978-5-699-24549-5', '1939-01-01', 'в наличии'),
    (4, 'Анна Каренина', 'Лев Толстой', '978-5-699-24550-1', '1877-01-01', 'в наличии'),
    (5, 'Братья Карамазовы', 'Фёдор Достоевский', '978-5-699-24551-8', '1880-01-01', 'в наличии'),
    (6, 'Евгений Онегин', 'Александр Пушкин', '978-5-699-24552-5', '1833-01-01', 'в наличии'),
    (7, 'Руслан и Людмила', 'Александр Пушкин', '978-5-699-24553-2', '1820-01-01', 'выдана'),
    (8, 'Дубровский', 'Александр Пушкин', '978-5-699-24554-9', '1833-01-01', 'в наличии'),
    (9, 'Сказка о золотом петушке', 'Александр Пушкин', '978-5-699-24555-6', '1835-01-01', 'в наличии'),
    (10, 'Борис Годунов', 'Александр Пушкин', '978-5-699-24556-3', '1831-01-01', 'в наличии'),
    (11, 'Обломов', 'Иван Гончаров', '978-5-699-24557-0', '1859-01-01', 'в наличии'),
    (12, 'Обыкновенное чудо', 'Евгений Шварц', '978-5-699-24558-7', '1956-01-01', 'выдана'),
    (13, 'Зойкина квартира', 'Михаил Булгаков', '978-5-699-24559-4', '1926-01-01', 'в наличии'),
    (14, 'Собачье сердце', 'Михаил Булгаков', '978-5-699-24560-0', '1925-01-01', 'в наличии'),
    (15, 'Белая гвардия', 'Михаил Булгаков', '978-5-699-24561-7', '1925-01-01', 'в наличии'),
    (16, 'Тарас Бульба', 'Николай Гоголь', '978-5-699-24562-4', '1842-01-01', 'в наличии'),
    (17, 'Мёртвые души', 'Николай Гоголь', '978-5-699-24563-1', '1842-01-01', 'выдана'),
    (18, 'Вий', 'Николай Гоголь', '978-5-699-24564-8', '1835-01-01', 'в наличии'),
    (19, 'Нос', 'Николай Гоголь', '978-5-699-24565-5', '1836-01-01', 'в наличии'),
    (20, 'Шинель', 'Николай Гоголь', '978-5-699-24566-2', '1842-01-01', 'выдана'),
    (21, 'Ревизор', 'Николай Гоголь', '978-5-699-24567-9', '1836-01-01', 'в наличии'),
    (22, 'Горе от ума', 'Александр Грибоедов', '978-5-699-24568-6', '1824-01-01', 'в наличии'),
    (23, 'Князь Серебряный', 'Алексей Толстой', '978-5-699-24569-3', '1863-01-01', 'в наличии'),
    (24, 'Детство', 'Лев Толстой', '978-5-699-24570-9', '1852-01-01', 'выдана'),
    (25, 'Отрочество', 'Лев Толстой', '978-5-699-24571-6', '1854-01-01', 'в наличии'),
    (26, 'Юность', 'Лев Толстой', '978-5-699-24572-3', '1856-01-01', 'выдана'),
    (27, 'Семья годовщалина', 'Иван Тургенев', '978-5-699-24573-0', '1870-01-01', 'в наличии'),
    (28, 'Отцы и дети', 'Иван Тургенев', '978-5-699-24574-7', '1862-01-01', 'в наличии'),
    (29, 'Рудин', 'Иван Тургенев', '978-5-699-24575-4', '1856-01-01', 'выдана'),
    (30, 'Дворянское гнездо', 'Иван Тургенев', '978-5-699-24576-1', '1859-01-01', 'в наличии');

INSERT INTO readers (reader_id, surname, name, patronymic, contact_info, registration_date)
VALUES
    (1, 'Иванов', 'Петр', 'Алексеевич', '+79031234567', '2024-01-01'),
    (2, 'Петрова', 'Мария', 'Сергеевна', '+79031234568', '2024-01-02'),
    (3, 'Смирнов', 'Иван', 'Павлович', '+79031234569', '2024-01-03'),
    (4, 'Кузнецова', 'Анна', 'Михайловна', '+79031234570', '2024-01-04'),
    (5, 'Попов', 'Алексей', 'Николаевич', '+79031234571', '2024-01-05'),
    (6, 'Николаева', 'Екатерина', 'Андреевна', '+79031234572', '2024-01-06'),
    (7, 'Козлов', 'Михаил', 'Васильевич', '+79031234573', '2024-01-07'),
    (8, 'Соколова', 'Наталия', 'Петровна', '+79031234574', '2024-01-08'),
    (9, 'Лебедев', 'Сергей', 'Дмитриевич', '+79031234575', '2024-01-09'),
    (10, 'Гусева', 'Ольга', 'Владимировна', '+79031234576', '2024-01-10'),
    (11, 'Михайлова', 'Татьяна', 'Алексеевна', '+79031234577', '2024-01-11'),
    (12, 'Федоров', 'Денис', 'Сergeевич', '+79031234578', '2024-01-12'),
    (13, 'Александрова', 'Юлия', 'Николаевна', '+79031234579', '2024-01-13'),
    (14, 'Матвеев', 'Владимир', 'Павлович', '+79031234580', '2024-01-14'),
    (15, 'Романова', 'Елена', 'Михайловна', '+79031234581', '2024-01-15'),
    (16, 'Васильев', 'Николай', 'Сергеевич', '+79031234582', '2024-01-16'),
    (17, 'Зайцева', 'Марина', 'Александровна', '+79031234583', '2024-01-17'),
    (18, 'Борисова', 'Инна', 'Владимировна', '+79031234584', '2024-01-18'),
    (19, 'Яковлева', 'Галина', 'Петровна', '+79031234585', '2024-01-19'),
    (20, 'Григорьева', 'Людмила', 'Николаевна', '+79031234586', '2024-01-20'),
    (21, 'Рыбаков', 'Александр', 'Михайлович', '+79031234587', '2024-01-21'),
    (22, 'Савельева', 'Надежда', 'Васильевна', '+79031234588', '2024-01-22'),
    (23, 'Данилова', 'Ирина', 'Петровна', '+79031234589', '2024-01-23'),
    (24, 'Куликова', 'Раиса', 'Алексеевна', '+79031234590', '2024-01-24'),
    (25, 'Лазарева', 'Наталья', 'Сергеевна', '+79031234591', '2024-01-25'),
    (26, 'Орлова', 'Светлана', 'Михайловна', '+79031234592', '2024-01-26'),
    (27, 'Макарова', 'Вера', 'Павловна', '+79031234593', '2024-01-27'),
    (28, 'Соловьева', 'Любовь', 'Николаевна', '+79031234594', '2024-01-28'),
    (29, 'Тимофеева', 'Антонина', 'Васильевна', '+79031234595', '2024-01-29'),
    (30, 'Фомина', 'Зоя', 'Петровна', '+79031234596', '2024-01-30');

INSERT INTO libraries (library_id, name, address, phone)
VALUES
    (1, 'Центральная городская библиотека', 'ул. Ленина, д. 1', '+78124567890'),
    (2, 'Библиотека имени Пушкина', 'пр. Невский, д. 100', '+78124567891'),
    (3, 'Детская библиотека', 'ул. Достоевского, д. 45', '+78124567892'),
    (4, 'Научная библиотека', 'ул. Университетская, д. 15', '+78124567893'),
    (5, 'Библиотека семейного чтения', 'ул. Культуры, д. 78', '+78124567894'),
    (6, 'Библиотека района Калининский', 'просп. Калинина, д. 234', '+78124567895'),
    (7, 'Библиотека района Петроградский', 'ул. Петроградская, д. 156', '+78124567896'),
    (8, 'Библиотека района Центральный', 'ул. Центральная, д. 89', '+78124567897'),
    (9, 'Библиотека района Адмиралтейский', 'пр. Адмиралтейский, д. 145', '+78124567898'),
    (10, 'Библиотека района Василеостровский', 'ул. Васильевостровская, д. 123', '+78124567899'),
    (11, 'Библиотека района Выборгский', 'просп. Выборгский, д. 456', '+78124567900'),
    (12, 'Библиотека района Кировский', 'ул. Кировская, д. 789', '+78124567901'),
    (13, 'Библиотека района Колпинский', 'пр. Колпинский, д. 234', '+78124567902'),
    (14, 'Библиотека района Красногвардейский', 'ул. Красногвардейская, д. 567', '+78124567903'),
    (15, 'Библиотека района Курортный', 'просп. Курортный, д. 890', '+78124567904'),
    (16, 'Библиотека района Московский', 'ул. Московская, д. 345', '+78124567905'),
    (17, 'Библиотека района Невский', 'пр. Невский, д. 678', '+78124567906'),
    (18, 'Библиотека района Приморский', 'ул. Приморская, д. 901', '+78124567907'),
    (19, 'Библиотека района Фрунзенский', 'просп. Фрунзенский, д. 234', '+78124567908'),
    (20, 'Библиотека района Екатерингофский', 'ул. Екатерингофская, д. 456', '+78124567909'),
    (21, 'Библиотека района Обуховский', 'пр. Обуховский, д. 789', '+78124567910'),
    (22, 'Библиотека района Парк Победы', 'ул. Парка Победы, д. 123', '+78124567911'),
    (23, 'Библиотека района Политехнический', 'просп. Политехнический, д. 456', '+78124567912'),
    (24, 'Библиотека района Ржевка', 'ул. Ржевская, д. 789', '+78124567913'),
    (25, 'Библиотека района Сампсониевский', 'просп. Сампсониевский, д. 234', '+78124567914'),
    (26, 'Библиотека района Светлановский', 'ул. Светланова, д. 567', '+78124567915'),
    (27, 'Библиотека района Смольнинский', 'ул. Смольный, д. 890', '+78124567916'),
    (28, 'Библиотека района Таврический', 'просп. Таврический, д. 345', '+78124567917'),
    (29, 'Библиотека района Ульянка', 'ул. Ульянова, д. 678', '+78124567918'),
    (30, 'Библиотека района Чернышевская', 'пр. Чернышевского, д. 901', '+78124567919');

INSERT INTO employees (employee_id, surname, name, patronymic, position, library_id)
VALUES
    (1, 'Сидорова', 'Мария', 'Петровна', 'Заведующий отделом', 1),
    (2, 'Ковалёв', 'Андрей', 'Николаевич', 'Библиотекарь', 1),
    (3, 'Павлова', 'Елена', 'Сергеевна', 'Старший библиотекарь', 2),
    (4, 'Громов', 'Владимир', 'Александрович', 'Заведующий отделом', 3),
    (5, 'Фёдорова', 'Наталия', 'Васильевна', 'Библиотекарь', 4),
    (6, 'Михеев', 'Сергей', 'Михайлович', 'Старший библиотекарь', 5),
    (7, 'Щербакова', 'Любовь', 'Петровна', 'Заведующий отделом', 6),
    (8, 'Кудрявцев', 'Александр', 'Владимирович', 'Библиотекарь', 7),
    (9, 'Беляева', 'Инна', 'Николаевна', 'Старший библиотекарь', 8),
    (10, 'Соловьёв', 'Дмитрий', 'Анатольевич', 'Заведующий отделом', 9),
    (11, 'Козлова', 'Юлия', 'Сергеевна', 'Библиотекарь', 10),
    (12, 'Носков', 'Николай', 'Павлович', 'Старший библиотекарь', 11),
    (13, 'Воронцова', 'Татьяна', 'Алексеевна', 'Заведующий отделом', 12),
    (14, 'Мартынов', 'Виталий', 'Васильевич', 'Библиотекарь', 13),
    (15, 'Королева', 'Галина', 'Михайловна', 'Старший библиотекарь', 14),
    (16, 'Семёнов', 'Павел', 'Николаевич', 'Заведующий отделом', 15),
    (17, 'Ткачёва', 'Ольга', 'Владимировна', 'Библиотекарь', 16),
    (18, 'Логинова', 'Екатерина', 'Алексеевна', 'Старший библиотекарь', 17),
    (19, 'Фролова', 'Раиса', 'Петровна', 'Заведующий отделом', 18),
    (20, 'Дмитриева', 'Ирина', 'Сергеевна', 'Библиотекарь', 19),
    (21, 'Кузнецова', 'Надежда', 'Васильевна', 'Старший библиотекарь', 20),
    (22, 'Смирнова', 'Людмила', 'Николаевна', 'Заведующий отделом', 21),
    (23, 'Карпова', 'Мария', 'Алексеевна', 'Библиотекарь', 22),
    (24, 'Полякова', 'Тамара', 'Петровна', 'Старший библиотекарь', 23),
    (25, 'Соколова', 'Вера', 'Михайловна', 'Заведующий отделом', 24),
    (26, 'Родионова', 'Анна', 'Сергеевна', 'Библиотекарь', 25),
    (27, 'Гордеева', 'Зоя', 'Васильевна', 'Старший библиотекарь', 26),
    (28, 'Егорова', 'Любовь', 'Петровна', 'Заведующий отделом', 27),
    (29, 'Малышева', 'Инесса', 'Александровна', 'Библиотекарь', 28),
    (30, 'Филатова', 'Нина', 'Николаевна', 'Старший библиотекарь', 29);

INSERT INTO book_issue (issue_id, reader_id, employee_id, library_id, book_id, issue_date, return_date, status)
VALUES
    (1, 1, 1, 1, 1, '2024-01-01', '2024-01-15', 'выдана'),
    (2, 2, 2, 1, 2, '2024-01-02', '2024-01-16', 'выдана'),
    (3, 3, 3, 2, 3, '2024-01-03', '2024-01-17', 'возвращена'),
    (4, 4, 4, 3, 4, '2024-01-04', '2024-01-18', 'выдана'),
    (5, 5, 5, 4, 5, '2024-01-05', '2024-01-19', 'возвращена'),
    (6, 6, 6, 5, 6, '2024-01-06', '2024-01-20', 'выдана'),
    (7, 7, 7, 6, 7, '2024-01-07', '2024-01-21', 'возвращена'),
    (8, 8, 8, 7, 8, '2024-01-08', '2024-01-22', 'выдана'),
    (9, 9, 9, 8, 9, '2024-01-09', '2024-01-23', 'возвращена'),
    (10, 10, 10, 9, 10, '2024-01-10', '2024-01-24', 'выдана'),
    (11, 11, 11, 10, 11, '2024-01-11', '2024-01-25', 'возвращена'),
    (12, 12, 12, 11, 12, '2024-01-12', '2024-01-26', 'выдана'),
    (13, 13, 13, 12, 13, '2024-01-13', '2024-01-27', 'возвращена'),
    (14, 14, 14, 13, 14, '2024-01-14', '2024-01-28', 'выдана'),
    (15, 15, 15, 14, 15, '2024-01-15', '2024-01-29', 'возвращена'),
    (16, 16, 16, 15, 16, '2024-01-16', '2024-01-30', 'выдана'),
    (17, 17, 17, 16, 17, '2024-01-17', '2024-01-31', 'возвращена'),
    (18, 18, 18, 17, 18, '2024-01-18', '2024-02-01', 'выдана'),
    (19, 19, 19, 18, 19, '2024-01-19', '2024-02-02', 'возвращена'),
    (20, 20, 20, 19, 20, '2024-01-20', '2024-02-03', 'выдана'),
    (21, 21, 21, 20, 21, '2024-01-21', '2024-02-04', 'возвращена'),
    (22, 22, 22, 21, 22, '2024-01-22', '2024-02-05', 'выдана'),
    (23, 23, 23, 22, 23, '2024-01-23', '2024-02-06', 'возвращена'),
    (24, 24, 24, 23, 24, '2024-01-24', '2024-02-07', 'выдана'),
    (25, 25, 25, 24, 25, '2024-01-25', '2024-02-08', 'возвращена');

INSERT INTO auth_employees (employee_id, login, password_hash)
VALUES
    (1, 'sidorova.mp@lib.ru', 'hash123'),
    (2, 'kovalev.an@lib.ru', 'hash456'),
    (3, 'pavlova.es@lib.ru', 'hash789'),
    (4, 'gromov.va@lib.ru', 'hash012'),
    (5, 'fedorova.nv@lib.ru', 'hash345'),
    (6, 'mikheev.sm@lib.ru', 'hash678'),
    (7, 'shcherbakova.lp@lib.ru', 'hash901'),
    (8, 'kudryavtsev.av@lib.ru', 'hash234'),
    (9, 'belyaeva.in@lib.ru', 'hash567'),
    (10, 'solovyev.da@lib.ru', 'hash890'),
    (11, 'kozlova.yus@lib.ru', 'hash123'),
    (12, 'noskov.np@lib.ru', 'hash456'),
    (13, 'vorontsova.ta@lib.ru', 'hash789'),
    (14, 'martynov.vv@lib.ru', 'hash012'),
    (15, 'koroleva.gm@lib.ru', 'hash345'),
    (16, 'semenov.pa@lib.ru', 'hash678'),
    (17, 'tkacheva.ov@lib.ru', 'hash901'),
    (18, 'loginova.ea@lib.ru', 'hash234'),
    (19, 'frolova.ra@lib.ru', 'hash567'),
    (20, 'dmitrieva.is@lib.ru', 'hash890'),
    (21, 'kuznetsova.nv@lib.ru', 'hash123'),
    (22, 'smirnova.ln@lib.ru', 'hash456'),
    (23, 'karpenko.ma@lib.ru', 'hash789'),
    (24, 'polyakova.tp@lib.ru', 'hash012'),
    (25, 'sokolova.vm@lib.ru', 'hash345'),
    (26, 'rodionova.as@lib.ru', 'hash678'),
    (27, 'gordeeva.zv@lib.ru', 'hash901'),
    (28, 'egorova.lp@lib.ru', 'hash234'),
    (29, 'malysheva.ia@lib.ru', 'hash567'),
    (30, 'filatova.nn@lib.ru', 'hash890');